{"cameraMode":{"drawMode":0,"name":"Shaded","section":"Shading Mode"},"sceneLighting":true,"audioPlay":false,"sceneViewState":{"showFog":true,"showMaterialUpdate":false,"showSkybox":true,"showFlares":true,"showImageEffects":true,"showParticleSystems":true},"in2DMode":false,"pivot":{"x":3.5957393646240236,"y":4.064404487609863,"z":-14.476011276245118},"rotation":{"x":-0.049114890396595,"y":0.9509254097938538,"z":-0.2195395678281784,"w":-0.21265962719917298},"size":19.3459529876709,"orthographic":false}